Stage,m_v (mean/median),m_v 95% CrI lo,m_v 95% CrI hi,c_v (mean/median),c_v 95% CrI lo,c_v 95% CrI hi
Prior,0.001,0.0003085103150663647,0.0032413827063930973,0.04,0.012340412602654595,0.12965530825572383
Posterior (1 obs),0.0015079579414037831,0.0010194624986827674,0.002005031752705843,0.03916879109749079,0.012232071190499322,0.0878516656407272
Posterior (2 obs),0.001547045161074865,0.0010194624986827674,0.002034095105145737,0.033976067758368415,0.012771737975811433,0.07829787941891027
Posterior (3 obs),0.0014693617470280644,0.0010048963174734827,0.001920309607412792,0.03863623081462036,0.01856735324630707,0.08175230379436502
Posterior (4 obs),0.0015129541768507731,0.0011943215116604917,0.001920309607412792,0.034545942841047284,0.018836490894898014,0.05787619883491208
